nome,url,tipo_fonte,trust_tier,filtro_rilevanza,lingua,attivo
Guerre di Rete,https://guerredirete.substack.com/feed,blog_newsletter,2,no,it,si
Valigia Blu,https://www.valigiablu.it/feed/,media,2,si,it,si
Platformer,https://www.platformer.news/feed,blog_newsletter,2,si,en,si
Import AI,https://importai.substack.com/feed,blog_newsletter,2,si,en,si
AGID,https://www.agid.gov.it/rss.xml,istituzionale,1,si,it,si
Il Post Tecnologia,https://www.ilpost.it/tecnologia/feed/,media,2,si,it,si
FRA,https://fra.europa.eu/en/rss.xml,istituzionale,1,si,en,si
Statewatch,https://www.statewatch.org/rss/,ngo,2,si,en,si
Netzpolitik,https://netzpolitik.org/feed/,media,2,si,de,si
The Markup,https://themarkup.org/feeds/rss.xml,media,2,si,en,si
Wikimedia,https://blog.wikimedia.org/feed/,ngo,2,si,en,si
MIT Tech Review,https://www.technologyreview.com/feed/,media,2,si,en,si
