Titolo,Link,Testo_Completo
"COMUNICATO STAMPA - Garante privacy ad Amazon: stop alla schedatura dei lavoratori. Raccolte informazioni su patologie, attività sindacali, vita personale e dei familiari",https://www.garanteprivacy.it/home/docweb/-/docweb-display/docweb/10224050,"- Provvedimento del 24 febbraio 2026 - Comunicato stampa del 9 febbraio 2026 Garante privacy ad Amazon: stop alla schedatura dei lavoratori
Raccolte informazioni su patologie, attività sindacali, vita personale e dei familiari Il Garante per la protezione dei dati personali ha vietato, in via d’urgenza e con effetto immediato, ad Amazon Italia Logistica srl, il trattamento di dati personali di oltre 1800 lavoratori impiegati presso lo stabilimento di Passo Corese (RI). Il divieto riguarda informazioni raccolte - in modo sistematico, per tutta la durata del rapporto di lavoro e conservate fino a 10 anni dalla sua cessazione - attraverso una piattaforma collegata con il sistema di rilevazione delle presenze, accessibile a numerosi manager. Le informazioni, annotate sulla piattaforma a seguito di colloqui con i lavoratori subito dopo il loro rientro da un periodo di assenza, fanno riferimento a specifiche patologie sofferte (sindrome di Chron, ernia del disco, portatore di pacemaker), alla adesione agli scioperi e alla partecipazione alle attività sindacali (anche con riferimento a utilizzi ritenuti impropri delle assenze), nonché a dati personali di tipo familiare e privato (padre malato terminale, sorella con tumore al cervello, separazioni coniugali). Tutto ciò in violazione della normativa che vieta al datore di lavoro di trattare dati non rilevanti ai fini della valutazione dell’attitudine professionale del dipendente. Amazon Italia Logistica, inoltre, dovrà interrompere il trattamento dei dati raccolti attraverso quattro telecamere posizionate in prossimità di bagni e aree ristoro riservati ai lavoratori. Con lo stesso provvedimento, il Garante ha infine vietato ad Amazon il trattamento dei dati utilizzati in modo illecito tramite la medesima piattaforma, nel caso sia utilizzata negli altri centri logistici della società in Italia con modalità analoghe a quanto accertato. L’intervento odierno trae origine dai risultati delle ispezioni svolte dal Garante, dal 9 al 12 febbraio 2026, presso lo stabilimento di Passo Corese, in collaborazione con l’Ispettorato nazionale del lavoro e il Nucleo speciale tutela privacy e frodi tecnologiche della Guardia di finanza. L’istruttoria prosegue per l’accertamento dei restanti profili al vaglio dell’Autorità. Roma, 24 febbraio 2026 Italy’s Data Protection Authority orders Amazon to stop record-keeping of workers’ personal data
Medical conditions, trade union activity and family details were collected and stored for years The Data Protection Authority has ordered Amazon Italia Logistica to immediately stop processing the personal data of more than 1,800 employees at its Passo Corese (RI) site. The ban concerns workers’ sensitive information which Amazon systematically collected and stored throughout their employment and retained for up to ten years after they left the company, using an internal platform linked to the attendance tracking system and accessible to numerous managers. The information was recorded on the platform following interviews conducted when employees returned from periods of absence. It included details about medical conditions — such as Crohn’s disease, herniated discs, and pacemaker implants — as well as participation in strikes and trade union activities. In some cases, notes referred to alleged misuse of leave. Personal and family matters were also documented, including references to a terminally ill parent, a sibling with brain cancer and marital separations. Such practices are in breach of legislation prohibiting employers from processing data which are not relevant for assessing an employee’s professional aptitude. Amazon Italia Logistica was also ordered to stop processing data collected from four surveillance cameras installed near bathrooms and staff break areas. The same decision also prohibits Amazon from processing data unlawfully collected via the same platform in other logistics centres in Italy, should it be used in a similar manner. Today’s decision follows inspections carried out between 9 and 12 February 2026 at the Passo Corese site in cooperation with the National Labour Inspectorate and the Special Technological Fraud and Privacy Protection Unit of Italy’s Financial Police. The investigation remains ongoing as the Authority examines additional potential infringements. Rome, 24 February 2026 Provvedimento del 24 febbraio 2026 [10224096] COMUNICATO STAMPA - Garante privacy e INL: Avviate ispezioni presso centri logistici Amazon Provvedimento del 24 febbraio 2026 [10224096] COMUNICATO STAMPA - Garante privacy e INL: Avviate ispezioni presso centri logistici Amazon"
Garante privacy al comune di Pescara: no alle body cam della Polizia locale. Rischio di trasferimento dei dati verso paesi extra Ue,https://www.garanteprivacy.it/home/docweb/-/docweb-display/docweb/10223908,"NEWSLETTER N. 543 del 20 febbraio 2026 Il Garante sanziona eCampus, stop al riconoscimento facciale nella formazione online 
Trattati in modo illecito i dati biometrici dei partecipanti ai corsi di abilitazione all’insegnamento Il Garante privacy ha sanzionato per 50mila euro l’Università eCampus per aver trattato in modo illecito i dati biometrici di numerosi partecipanti ai corsi online di abilitazione all’insegnamento. L’Ateneo utilizzava un sistema di riconoscimento facciale per verificare l’identità e la presenza dei partecipanti alle lezioni. Dalle verifiche l’Autorità ha rilevato la mancanza di una base giuridica idonea a giustificare l’uso di sistemi biometrici, per i quali sono previste garanzie rafforzate dalla disciplina di protezione dei dati, vista anche la disponibilità di strumenti alternativi e meno invasivi per la verifica della presenza ai corsi. È emerso, inoltre, che l’Ateneo non aveva svolto una valutazione di impatto sulla protezione dei dati prima dell’attivazione del sistema di riconoscimento facciale. Le violazioni hanno interessato un numero molto elevato di partecipanti, oltre 450 corsisti per ogni lezione. Nel corso dell’istruttoria, il sistema ha continuato ad essere utilizzato solo parzialmente con alcuni correttivi, comunque non ritenuti sufficienti a superare le criticità rilevate, fino alla sua disattivazione definitiva. Nel determinare l’importo della sanzione, il Garante ha comunque tenuto conto della collaborazione prestata dall’Università e dell’interruzione volontaria del trattamento. Garante privacy al comune di Pescara: no alle body cam della Polizia locale
Rischio di trasferimento dei dati verso paesi extra Ue Parere negativo del Garante privacy alla valutazione di impatto sulla protezione dei dati personali presentata dal comune di Pescara relativa alle body cam da fornire agli agenti di polizia locale nell’ambito delle attività ausiliarie di pubblica sicurezza e di polizia giudiziaria. Numerose le criticità riscontrate nel sistema nonostante le indicazioni fornite dall’Autorità nel corso di più interlocuzioni. Per quanto riguarda la sicurezza delle soluzioni tecnologiche scelte, il Garante ha accertato che le modifiche inserite nell’ultima valutazione di impatto non forniscono risposta alle richieste di approfondimento tecnico formulate dall’Ufficio. In particolare, posto che il sistema informatico per la gestione dei dati elaborati dalle body cam è fornito da un’azienda statunitense, il comune non ha chiarito se tale scelta abbia tenuto conto di altre soluzioni presenti nel mercato e degli aspetti di protezione dei dati connessi a un trattamento ad elevato rischio come quello effettuato attraverso le body cam. Il Garante inoltre ha riscontrato l’assenza di misure di sicurezza in grado di escludere che il fornitore del servizio possa accedere in chiaro ai dati trattati dal Comune. Accesso che comporterebbe un trasferimento dei dati verso paesi terzi, in violazione della Direttiva Ue 2016/680 e della normativa privacy. Il trasferimento di dati personali per scopi di law enforcement, competenza non attribuibile alla società statunitense, è infatti regolato da norme specifiche che impongono rigorose garanzie per trasferimenti transfrontalieri, inclusi accordi vincolanti e un livello adeguato di protezione dei dati nel paese terzo. Tra le altre criticità anche la presenza di una sim all’interno della body cam su cui non sono stati forniti chiarimenti. Dal Garante ok alle Linee guida Agid sull’accessibilità dei servizi
Maggiori tutele per le persone con disabilità Parere favorevole del Garante per la protezione dei dati personali sullo schema di decreto dell’AGID, che definisce le Linee guida sull’accessibilità dei servizi pubblici e privati (ad es., trasporto passeggeri, internet, sistemi di pagamento). L’obiettivo è offrire servizi e informazioni fruibili anche dalle persone con disabilità, senza discriminazioni. Nel prescrivere gli obblighi del fornitore di servizi, lo schema tiene conto delle indicazioni fornite dall’ufficio del Garante, volte ad assicurarne la conformità alla normativa privacy. Sulla base dei principi di privacy by design e privacy by default del Gdpr, i fornitori di servizi dedicati a persone con disabilità, avranno l’obbligo di adottare misure idonee a evitare la tracciatura degli strumenti, delle soluzioni e delle impostazioni d’uso che li aiutano ad accedere ai servizi digitali. Dovranno inoltre dichiarare espressamente di non ricorrere a tecniche web di tracciamento dalle quali sia possibile desumere eventuali condizioni di disabilità dell'utente. AGID, cui spetta la vigilanza, dovrà poi individuare e adottare misure appropriate e specifiche volte a proteggere i dati degli interessati anche nell’implementazione e gestione della piattaforma che metterà a disposizione per lo svolgimento delle attività di competenza. Nel dare il via libera, il Garante ha ribadito che, in base al principio di accountability, resta ferma la responsabilità in capo ai fornitori sia pubblici che privati, quali titolari del trattamento, di conformare i propri servizi alla disciplina in materia di protezione dei dati personali. Garanti europei, le sfide per una piena attuazione del diritto alla cancellazione Pubblicato il rapporto del Comitato europeo per la protezione dei dati (EDPB) in materia di diritto alla cancellazione (art. 17 del GDPR). Il documento nasce dal lavoro svolto nel 2025 da 32 autorità di protezione dati, tra cui il Garante italiano, nell’ambito del Coordinated Enforcement Framework (CEF), su uno dei diritti più esercitati e più spesso oggetto di reclami. Obiettivo dell’azione: garantire che il diritto alla cancellazione sia effettivamente esercitato dai cittadini europei e valutare in che modo i titolari del trattamento rispettano tale diritto nella pratica. Al termine, l'EDPB ha individuato le buone pratiche e le sfide più importanti in materia, con l'obiettivo di fornire ulteriori orientamenti sul tema. Sono stati 764 i titolari del trattamento, fra piccole, medie e grandi imprese in tutta Europa, coinvolti nel CEF 2025; nove Autorità di protezione dati hanno avviato, o continuato, una istruttoria, mentre le altre 23, tra cui il Garante, hanno condotto un’indagine conoscitiva. La mancanza di procedure interne adeguate per gestire le richieste e di informazioni sufficienti fornite agli interessati sono state le principali risultanze emerse dal rapporto. Le Autorità hanno riscontrato anche il ricorso a tecniche di anonimizzazione inefficienti come alternative alla cancellazione, difficoltà dei titolari nel determinare il periodo di conservazione dei dati e la loro cancellazione nel contesto dei backup e, visto che il diritto alla cancellazione non è un diritto assoluto, nell'effettuare i test di bilanciamento con altri diritti. Digital Omnibus, Garanti europei: semplificare senza ridurre la tutela delle persone “La semplificazione è essenziale per ridurre la burocrazia e rafforzare la competitività dell'UE, ma non a scapito dei diritti fondamentali”. Così si è espressa la Presidente del Comitato europeo per la protezione dei dati personali (EDPB), Anu Talus, commentando il parere congiunto emanato insieme al Garante europeo (EDPS) sul cosiddetto “Digital Omnibus”, ossia l’insieme di modifiche legislative proposte dalla Commissione europea volte a semplificare il quadro normativo nel settore digitale. Nel parere vengono accolte con favore le misure proposte dalla Commissione per garantire una maggiore armonizzazione, coerenza e certezza giuridica. Allo stesso tempo, EDPB e EDPS esprimono preoccupazioni su alcune modifiche che possono influire negativamente sul livello di protezione di cui godono le persone, oltre a creare incertezza giuridica e rendere più difficile l'applicazione della normativa in materia di protezione dei dati. L’attenzione è rivolta in particolare alla nuova nozione di dato personale, che rischia di spostare il baricentro della tutela da un criterio oggettivo a uno soggettivo, restringendone la portata e indebolendo in modo significativo la tutela degli individui. EDPB ed EDPS esortano quindi i colegislatori a non adottare tali modifiche, ritenendo peraltro che vadano ben oltre una modifica mirata o tecnica del GDPR e non riflettano precisamente la giurisprudenza della Corte di giustizia dell'Unione europea. Il parere considera positivamente le semplificazioni relative agli adempimenti correlati alla notifica di data breach e alla valutazione d’impatto sulla protezione dei dati, così come le precisazioni in materia di ricerca scientifica e la proposta di introdurre una nuova deroga per il trattamento di dati per l’autenticazione biometrica, ove i mezzi di verifica rimangano sotto il controllo esclusivo dell’individuo. Pur accogliendo con favore l'obiettivo della proposta di introdurre una deroga specifica al divieto di trattare dati sensibili nell’ambito dei sistemi o modelli di intelligenza artificiale, il parere raccomanda tuttavia diversi miglioramenti, volti a chiarire l'ambito della deroga e a garantire le necessarie tutele lungo l'intero ciclo di vita dell’AI. Non pare infine necessaria una specifica norma che sancisca la ricorribilità - per i trattamenti funzionali allo sviluppo e al funzionamento di sistemi di IA – al legittimo interesse, già riconosciuto come possibile base giuridica dal Parere EDPB 28/2024. L'ATTIVITÀ DEL GARANTE - PER CHI VUOLE SAPERNE DI PIÚ
Gli interventi e i provvedimenti più importanti recentemente adottati dall'Autorità - Sanità: Garante privacy, sì all’uso dei recapiti telefonici per gli screening. Adottate apposite Linee guida a tutela dei pazienti – Comunicato del 18 febbraio 2026 Garante privacy, i diritti dei lavoratori nel nuovo episodio del podcast - 12 febbraio 2026 - Garante privacy e INL: Avviate ispezioni presso centri logistici Amazon. Sotto la lente l’utilizzo dei sistemi di videosorveglianza e il rispetto dei diritti dei lavoratori – Comunicato del 9 febbraio 2026 - Garlasco: Garante privacy, informare nel rispetto delle persone. A rischio la dignità della vittima, dei familiari e di chiunque sia coinvolto - Comunicato del 30 gennaio 2026 NEWSLETTER del Garante per la protezione dei dati personali (Reg. al Trib. di Roma n. 654 del 28 novembre 2002)
Direttore responsabile: Stefano Sabella
Direzione e redazione: Garante per la protezione dei dati personali, Piazza Venezia, n. 11 - 00187 Roma.
Tel: 06.69677.2751 - Fax: 06.69677.3785
Newsletter è consultabile sul sito Internet www.gpdp.it Provvedimento del 29 gennaio 2026 [10221611] Parere sullo schema di Linee Guida sull’accessibilità dei servizi in attuazione dell’art  21 d  lgs  n  82 del 2022 - 29 gennaio 2026 [10219948] Provvedimento del 4 dicembre 2025 [10221993]"
"COMUNICATO STAMPA - Sanità: Garante privacy, sì all’uso dei recapiti telefonici per gli screening. Adottate apposite Linee guida a tutela dei pazienti",https://www.garanteprivacy.it/home/docweb/-/docweb-display/docweb/10221829,"Sanità: Garante privacy, sì all’uso dei recapiti telefonici per gli screening
Adottate apposite Linee guida a tutela dei pazienti Le aziende sanitarie potranno utilizzare i recapiti telefonici dei pazienti adulti, forniti in occasione di precedenti prestazioni sanitarie, per promuovere l’adesione a campagne di screening previste da normative nazionali o regionali, anche qualora, al momento della raccolta dei dati, l’informativa non indicasse espressamente tale finalità. Lo ha chiarito il Garante per la protezione dei dati personali ritenendo che – alla luce dei principi del Regolamento UE e della giurisprudenza europea – il trattamento dei dati strettamente necessario alla promozione di programmi pubblici di prevenzione possa essere considerato compatibile con le originarie finalità di cura, diagnosi e assistenza sanitaria, a condizione che siano rispettate adeguate garanzie. Per rafforzare la tutela dei pazienti, il Garante ha quindi adottato specifiche Linee guida. In particolare, le aziende sanitarie dovranno aggiornare l’informativa, precisando che i recapiti più recenti raccolti per finalità di cura, previa verifica della loro esattezza, potranno essere utilizzati esclusivamente per la promozione di programmi pubblici di prevenzione e non per altre finalità (ad esempio, ricerca scientifica o attività amministrative). L’utilizzo dei dati dovrà inoltre essere limitato alle sole campagne di screening previste dalla normativa vigente ed escludere l’impiego dei recapiti raccolti nell’ambito di prestazioni caratterizzate da una particolare tutela dell’anonimato, come l’interruzione volontaria di gravidanza, il parto in anonimato, le prestazioni per persone sieropositive o per vittime di violenza. Infine, nel messaggio di invito allo screening dovrà essere identificata l’azienda come mittente e dovranno essere chiaramente indicati il diritto di opposizione all’invio degli sms e le modalità, semplici e immediate, per esercitarlo. Roma, 18 febbraio 2026 Provvedimento del 12 febbraio 2026 - Linee guida circa l’utilizzo dei recapiti telefonici dei pazienti già presenti negli archivi delle aziende sanitarie per l’invio di SMS informativi su campagne di screening nazionali o regionali [10221629] Provvedimento del 12 febbraio 2026 - Linee guida circa l’utilizzo dei recapiti telefonici dei pazienti già presenti negli archivi delle aziende sanitarie per l’invio di SMS informativi su campagne di screening nazionali o regionali [10221629]"
Lavoro: l’accesso alla email del lavoratore licenziato vìola la privacy,https://www.garanteprivacy.it/home/docweb/-/docweb-display/docweb/10219928,"NEWSLETTER N. 542 del 29 gennaio 2026 Garante privacy: no al controllo dello stile di guida dei lavoratori 
Sanzione di 120mila euro a società che monitorava 5 dipendenti con auto aziendale Il Garante privacy ha inflitto una sanzione di 120mila euro ad una società del settore della selezione e produzione di sementi agricole per aver trattato in modo illecito i dati personali di cinque dipendenti. La società, parte di un gruppo multinazionale, su disposizione della capogruppo svizzera, aveva fatto installare sui propri veicoli aziendali un dispositivo - associato al nominativo del conducente - che raccoglieva, in modo illecito, i dati sui viaggi di lavoro e privati (tempi, km, consumi e stile di guida) dei lavoratori, per l’assegnazione di un punteggio mensile. I dati così raccolti, venivano conservati per un periodo di 13 mesi e utilizzati ai fini delle valutazioni del comportamento alla guida dei dipendenti, nonché per l’adozione di eventuali interventi correttivi. L’iniziativa, avviata in via sperimentale, era destinata a essere estesa a tutte le società europee del gruppo. Nel corso dell’attività ispettiva e delle successive verifiche, l’Autorità – intervenuta a seguito della ricezione di un reclamo – ha rilevato numerose violazioni della normativa privacy. In particolare, è emerso che il dispositivo installato sui veicoli aziendali raccoglieva informazioni molto dettagliate sui viaggi effettuati, tali da consentire un controllo sull’attività dei lavoratori, svolto in assenza delle garanzie previste dallo Statuto dei lavoratori. Inoltre, l’informativa resa ai lavoratori era rivolta a tutte le società affiliate del gruppo, incluse quelle con sede extra-Ue, senza indicare in modo chiaro le finalità, le basi giuridiche né i soggetti qualificabili come titolari, responsabili e destinatari del trattamento dei dati. Gli accertamenti condotti dal Garante hanno inoltre evidenziato che l’accesso alle informazioni raccolte tramite i dispositivi installati sulle auto aziendali era consentito anche al personale di altre società del gruppo, in assenza di un’idonea autorizzazione. Nel determinare l’importo della sanzione, l’Autorità ha tenuto conto sia del numero limitato di dipendenti coinvolti sia della sospensione immediata del trattamento dei dati ritenuto illecito, disposta dalla società subito dopo la contestazione. Il Garante ha inoltre ordinato la cancellazione dei dati relativi ai viaggi dei lavoratori, raccolti e utilizzati per l’attribuzione dei punteggi di comportamento alla guida. Garante: l’accesso alla email del lavoratore licenziato vìola la privacy Il contenuto delle email, i dati di contatto delle comunicazioni e gli eventuali allegati, rientrano nella nozione di corrispondenza e sono quindi tutelati dal diritto alla segretezza. Tale garanzia, riconosciuta anche dalla Costituzione, salvaguarda la dignità della persona e il suo pieno sviluppo nelle relazioni sociali. Lo ha ribadito il Garante per la protezione dei dati personali, che ha inflitto una sanzione di 40mila euro a una società per violazione della segretezza dell’account email di un amministratore delegato dopo la cessazione del rapporto di lavoro. Nel reclamo presentato al Garante l’amministratore lamentava che, dopo aver ricevuto una lettera di contestazione disciplinare cui è seguito il licenziamento, l’azienda gli aveva negato l’accesso alla propria casella di posta elettronica aziendale, rimasta attiva. Esercitando i propri diritti, aveva chiesto alla società di disabilitare l’account di posta elettronica, di inoltrare i messaggi ricevuti nel frattempo al suo indirizzo email personale e di attivare una risposta automatica che informasse eventuali mittenti del nuovo indirizzo email. Richiesta tuttavia rimasta inevasa sebbene formulata correttamente ai sensi del GDPR. Nel corso dell’istruttoria, il Garante ha accertato che l’azienda non solo continuava a ricevere le email indirizzate al lavoratore, ma addirittura le inoltrava ad un altro account di posta elettronica aziendale. Una pratica scorretta che si era protratta per circa due mesi, superando il limite di 30 giorni previsto dalle regole interne dell’azienda. Tale modalità prolungata nel tempo ha determinato l’accesso e la conservazione di email personali, in violazione della normativa privacy. L’Autorità ha pertanto ordinato alla società di consentire al lavoratore l’accesso al proprio account aziendale di posta elettronica e ne ha disposto la successiva cancellazione, fatta salva la conservazione di quanto necessario per la tutela dei diritti in sede giudiziaria. Nel definire l’ammontare della sanzione, il Garante ha considerato la tipologia e la durata delle violazioni, il mancato riscontro all’istanza di esercizio dei diritti del lavoratore e l’assenza di precedenti violazioni della normativa privacy da parte della società. Monopattini, Garante privacy: sì alla piattaforma per rilascio delle targhe 
Chieste al MIT ulteriori misure a protezione dei dati Via libera del Garante privacy allo schema di decreto del Ministro delle Infrastrutture e dei Trasporti (MIT) che disciplina le modalità di funzionamento della piattaforma telematica per la richiesta e il rilascio delle targhe dei monopattini, nonché il trattamento dei dati personali dei proprietari dei veicoli. Nel dare il proprio parere favorevole al testo, il Garante ha tuttavia posto al MIT alcune condizioni per garantire una maggiore tutela dei dati degli interessati. In particolare, l’Autorità ha chiesto di eliminare il riferimento alla verifica automatica dei dati dei richiedenti il contrassegno tramite “collegamento” con l’Anagrafe nazionale della popolazione residente. Tale interrogazione sarebbe infatti non necessaria ed eccessiva, dal momento che l’identificazione digitale avviene già mediante l’autenticazione con SPID o CIE. Il Garante ha inoltre chiesto al MIT di specificare le banche dati individuate per le verifiche relative alle imprese e ai poteri di rappresentanza del richiedente, per rendere così conformi i trattamenti alla normativa in materia di protezione dei dati. Infine, l’Autorità ha prescritto che gli adempimenti connessi ai trattamenti posti in essere nell’ambito della piattaforma dal MIT in qualità di titolare, inclusi il rilascio dell’informativa e la gestione dell’esercizio dei diritti riconosciuti agli interessati, siano di competenza del solo Ministero. Attivo un nuovo strumento contro il telemarketing selvaggio 
SegnalaODM la piattaforma dell’Organismo di monitoraggio del Codice di condotta Da gennaio 2026 è attiva SegnalaODM, la piattaforma dell’Organismo di Monitoraggio del Codice di Condotta in materia di telemarketing e teleselling che consente agli utenti di segnalare eventuali violazioni da parte degli operatori aderenti. L’attivazione della piattaforma rappresenta un ulteriore passaggio nell’attuazione del Codice di condotta in materia di telemarketing e teleselling approvato dal Garante privacy nel 2024 (https://www.garanteprivacy.it/web/guest/home/docweb/-/docweb-display/docweb n. 9993890). Prima di inviare una segnalazione all’Organismo di Monitoraggio, l’utente deve contattare l’operatore interessato. In caso di mancata o inadeguata risposta, e qualora il comportamento risulti riconducibile a una violazione del Codice di Condotta, sarà possibile procedere con la segnalazione tramite la piattaforma. Per effettuare una segnalazione è necessario registrarsi al seguente link:
https://segnalaodmtelemarketing.it/homepage Ulteriori informazioni sono disponibili sul sito dell’Organismo di Monitoraggio:
https://www.odmtelemarketing.it/ Casi transfrontalieri, al via Regolamento UE su reclami e istruttorie Il 1° gennaio 2026 è entrato in vigore il Regolamento 2025/2518 che stabilisce norme procedurali aggiuntive relative all’applicazione del Regolamento generale sulla protezione dei dati personali (GDPR): si applicherà a partire dal 2 aprile 2027. L’obiettivo è quello di armonizzare la trattazione dei reclami e la conduzione delle istruttorie nei procedimenti transfrontalieri. Il nuovo regolamento integra infatti il GDPR, senza modificarne il quadro di cooperazione previsto dal Capo VII, e introduce norme relative allo svolgimento dei procedimenti, sia da parte delle Autorità privacy nazionali, nei casi riguardanti un trattamento transfrontaliero, sia da parte del Comitato europeo per la protezione dei dati (EBDP) durante la composizione delle controversie. Il Regolamento 2025/2518 stabilisce anche norme relative all'esercizio del diritto di essere ascoltati prima dell'adozione delle decisioni da parte delle Autorità di protezione dati e, a seconda dei casi, dell’EDPB, a favore di reclamanti e parti sottoposte alle indagini. Tra le novità, inoltre, sono previste disposizioni sui criteri formali di ammissibilità dei reclami relativi a trattamenti transfrontalieri, una procedura di risoluzione rapida dei reclami (early resolution), termini stringenti per la conclusione delle procedure di “sportello unico” (One-Stop-Shop), e l’introduzione di un fascicolo amministrativo e di un fascicolo di cooperazione con specifiche regole di creazione e accesso. L'ATTIVITÀ DEL GARANTE - PER CHI VUOLE SAPERNE DI PIÚ
Gli interventi e i provvedimenti più importanti recentemente adottati dall'Autorità - Giornata europea della protezione dati, Garante: educare alla cultura della privacy a partire dai più giovani – 28 gennaio 2026 - Sentenza Report, Garante privacy si riserva impugnazione – Comunicato del 26 gennaio 2026 - Garante privacy: dimissioni di Guido Scorza componente del Collegio - Comunicato del 17 gennaio 2026 - Garante privacy: piena fiducia nella magistratura – Comunicato del 16 gennaio 2026 - Deepfake, il Garante avverte: a rischio diritti e libertà fondamentali. Dopo il blocco di Clothoff, l’Autorità richiama l’attenzione sull’uso di Grok e altri servizi analoghi – Comunicato dell’8 gennaio 2026 NEWSLETTER del Garante per la protezione dei dati personali (Reg. al Trib. di Roma n. 654 del 28 novembre 2002)
Direttore responsabile: Stefano Sabella
Direzione e redazione: Garante per la protezione dei dati personali, Piazza Venezia, n. 11 - 00187 Roma.
Tel: 06.69677.2751 - Fax: 06.69677.3785
Newsletter è consultabile sul sito Internet www.gpdp.it Provvedimento del 18 dicembre 2025 [10213711] Provvedimento del 18 dicembre 2025 [10213574] Parere su uno schema di decreto concernente la disciplina della piattaforma telematica istituita presso il Centro elaborazione dati della Direzione generale per la motorizzazione, ai fini della richiesta e del rilascio dei contrassegni identificativi dei monopattini a propulsione prevalentemente elettrica - 18 dicembre 2025 [10212724]"
PAGINA INFORMATIVA E PROCEDURA DI SEGNALAZIONE - REVENGE PORN,https://www.garanteprivacy.it/home/docweb/-/docweb-display/docweb/9925310,"Segnalazione per prevenire il fenomeno Revenge Porn La scheda ha mere finalità divulgative e sarà aggiornata in base alle evoluzioni tecnologiche e normative Accedi al servizio di segnalazione online Il revenge porn, consiste nell’invio, consegna, cessione, pubblicazione o diffusione, da parte di chi li ha realizzati o sottratti e senza il consenso della persona cui si riferiscono, di immagini o video a contenuto sessualmente esplicito destinati a rimanere privati. Tale diffusione avviene di solito a scopo vendicativo (ad esempio per ""punire"" l’ex partner che ha deciso di porre fine ad un rapporto amoroso), per denigrare pubblicamente, ricattare, bullizzare o molestare. Si tratta quindi di una pratica che può avere effetti drammatici a livello psicologico, sociale e anche materiale sulla vita delle persone che ne sono vittime. E’ molto importante riflettere su come prevenire e difendersi da questo tipo di fenomeni attraverso una corretta protezione e gestione dei nostri dati personali. Ecco quindi alcune indicazioni. PROTEGGI SEMPRE I TUOI DATI La prima e più importante forma di difesa sono sempre la consapevolezza e la prudenza. Spesso accade che i dati personali vengano immessi dagli stessi interessati nel circuito di messaggistica e social network, sfuggendo così ogni controllo e rendendone impossibile la cancellazione una volta diffusi. Per proteggere i dati personali eventualmente presenti nei tuoi dispositivi (smartphone, pc o tablet), utilizza sempre adeguate misure di sicurezza: ad esempio, password che proteggono i dispositivi e/o le cartelle in cui conservi i file, sistemi di crittografia per rendere illeggibili i file agli altri, sistemi anti-virus e anti-intrusione per i dispositivi. PROTEGGI ANCHE I DATI DEGLI ALTRI Se ricevi foto o immagini a contenuto sessualmente esplicito che riguardano altre persone, evita di essere complice di comportamenti illeciti nei confronti delle stesse: non diffonderle, cancellale e, se ritieni, fai una segnalazione alla Polizia postale (https://www.commissariatodips.it/). ATTENZIONE ANCHE AI MINORI E’ possibile che fenomeni pericolosi che riguardano la diffusione di immagini esplicitamente sessuali coinvolgano purtroppo anche i minori, come vittime o come destinatari di contenuti. Se sei un genitore, evita di far utilizzare dispositivi digitali ai tuoi figli piccoli se sono da soli, monitora il loro comportamento online e spiega con chiarezza perché è bene evitare di interagire con sconosciuti e diffondere informazioni personali, soprattutto foto e filmati, tramite messaggi e social network.
(VEDI ANCHE LA PAGINA INFORMATIVA: www.gpdp.it/minori). COSA PUOI FARE PER PREVENIRE LA DIFFUSIONE DA PARTE DI TERZI DI TUE IMMAGINI A CONTENUTO SESSUALMENTE ESPLICITO Nel caso in cui tu abbia un fondato timore che immagini a contenuto sessualmente esplicito possano essere diffuse senza il tuo consenso è possibile presentare una segnalazione al Garante ai sensi degli art. 144-bis del Codice in materia di protezione dei dati personali e 33-bis del regolamento n. 1/2019 del Garante. Per farlo è possibile utilizzare l’apposito form reso disponibile nel sito istituzionale dell’Autorità, in cui dovranno essere indicate le piattaforme di condivisione di contenuti (social network, messaggistica, ecc.) attraverso le quali si teme la diffusione, nonché le ragioni che fondano il timore che la condotta pregiudizievole possa essere posta in essere. Dovranno poi essere trasmesse all’Autorità – tramite un link che sarà comunicato dopo la presentazione della segnalazione – le immagini o i contenuti sessualmente espliciti dalla cui divulgazione ci si intenda tutelare. Il Garante, in presenza dei presupposti indicati dalle norme di riferimento, adotterà un provvedimento, che sarà notificato alle piattaforme coinvolte nel tentativo di contrastare la temuta diffusione. Questo strumento può essere utilizzato non solo dagli adulti, ma anche dai minori. Si ricorda che alla tutela che accorda il Garante può sempre aggiungersi quella prestata dalla Polizia Postale (https://www.commissariatodips.it/), alla quale è possibile rivolgersi per denunciare situazioni in cui siano ravvisabili gli estremi di una condotta penalmente rilevante (come nel caso in cui si subiscano minacce o richieste estorsive). Come già ricordato, il più importante accorgimento è tenere alto il livello di prudenza nel condividere materiale a contenuto sessualmente esplicito, in quanto l’intervento del Garante non è in grado di assicurare, in termini assoluti, che l’evento temuto non si verificherà: la persona malintenzionata, ad esempio, potrebbe detenere immagini anche solo parzialmente diverse da quelle comunicate alla piattaforma vanificando così la misura adottata. Segnalazione per prevenire il fenomeno Revenge Porn Accedi al servizio di segnalazione online DECRETO LEGISLATIVO 30 giugno 2003, n.196 recante il
""Codice in materia di protezione dei dati personali""
(Come modificato dal decreto-legge 8 ottobre 2021, n. 139, convertito, con modificazioni, dalla legge 3 dicembre 2021, n. 205, recante disposizioni urgenti per l'accesso alle attività culturali, sportive e ricreative, nonché per l'organizzazione di pubbliche amministrazioni e in materia di protezione dei dati personali) Art. 144-bis (Revenge porn) 1. Chiunque, compresi i minori ultraquattordicenni, abbia fondato motivo di ritenere che registrazioni audio, immagini o video o altri documenti informatici a contenuto sessualmente esplicito che lo riguardano, destinati a rimanere privati, possano essere oggetto di invio, consegna, cessione, pubblicazione o diffusione attraverso piattaforme digitali senza il suo consenso ha facolta' di segnalare il pericolo al Garante, il quale, nelle quarantotto ore dal ricevimento della segnalazione, decide ai sensi degli articoli 143 e 144 del presente codice. 2. Quando le registrazioni audio, le immagini o i video o gli altri documenti informatici riguardano minori, la segnalazione al Garante puo' essere effettuata anche dai genitori o dagli esercenti la responsabilita' genitoriale o la tutela. 3. Per le finalita' di cui al comma 1, l'invio al Garante di registrazioni audio, immagini o video o altri documenti informatici a contenuto sessualmente esplicito riguardanti soggetti terzi, effettuato dall'interessato, non integra il reato di cui all'articolo 612-ter del codice penale. 4. I gestori delle piattaforme digitali destinatari dei provvedimenti di cui al comma 1 conservano il materiale oggetto della segnalazione, a soli fini probatori e con misure indicate dal Garante, anche nell'ambito dei medesimi provvedimenti, idonee a impedire la diretta identificabilita' degli interessati, per dodici mesi a decorrere dal ricevimento del provvedimento stesso. 5. Il Garante, con proprio provvedimento, puo' disciplinare specifiche modalita' di svolgimento dei procedimenti di cui al comma 1 e le misure per impedire la diretta identificabilita' degli interessati di cui al medesimo comma. 6. I fornitori di servizi di condivisione di contenuti audiovisivi, ovunque stabiliti, che erogano servizi accessibili in Italia, indicano senza ritardo al Garante o pubblicano nel proprio sito internet un recapito al quale possono essere comunicati I provvedimenti adottati ai sensi del comma 1. In caso di inadempimento dell'obbligo di cui al periodo precedente, il Garante diffida il fornitore del servizio ad adempiere entro trenta giorni. In caso di inottemperanza alla diffida si applica la sanzione amministrativa pecuniaria di cui all'articolo 83, paragrafo 4, del Regolamento. 7. Quando il Garante, a seguito della segnalazione di cui al comma 1, acquisisce notizia della consumazione del reato di cui all'articolo 612-ter del codice penale, anche in forma tentata, nel caso di procedibilita' d'ufficio trasmette al pubblico ministero la segnalazione ricevuta e la documentazione acquisita. REGOLAMENTO DEL GARANTE 1/2019 Art. 33-bis – Revenge porn 1. Le segnalazioni di cui all’art. 144-bis del Codice, corredate delle registrazioni audio, immagini o video o altri documenti informatici a contenuto sessualmente esplicito, a sostegno delle stesse, sono presentate al Garante esclusivamente attraverso il modello, compilabile on-line, pubblicato nell’apposita sezione del sito web istituzionale. Il modello è approvato con determinazione del Segretario generale. 2. Il dipartimento, servizio o altra unità organizzativa competente, verificata la compatibilità della richiesta alla previsione di cui all’art. 144-bis del Codice, entro 48 ore dal ricevimento della segnalazione, salva l’esigenza di acquisire un’integrazione delle informazioni fornite dal segnalante ai fini della predetta verifica, predispone il provvedimento volto ad impedire l’eventuale diffusione del materiale oggetto di segnalazione. Il provvedimento è adottato in via d’urgenza dal dirigente della medesima unità organizzativa e sottoposto a ratifica nella prima adunanza utile del Garante. In caso di mancata ratifica, il provvedimento decade. 3. Il provvedimento di cui al comma precedente è trasmesso ai gestori delle piattaforme digitali, corredato del materiale oggetto di segnalazione o dalla relativa impronta hash. 4. Nei casi in cui la segnalazione non soddisfi i requisiti richiesti dall’art. 144-bis del, Codice e dalla presente disposizione, il dipartimento, servizio o altra unità organizzativa competente procede nei modi di cui all’art. 8, comma 2, o, laddove ciò non risulti possibile, archivia la pratica fornendone tempestiva informazione all’interessato. Banche, credito, finanza AI - Intelligenza artificiale Internet e nuove tecnologie Marketing e comunicazioni indesiderate Pubblica amministrazione e trasparenza Sanità e Ricerca scientifica GDPR - Regolamento 2016/679"
PAGINA INFORMATIVA E PROCEDURA DI SEGNALAZIONE - CYBERBULLISMO,https://www.garanteprivacy.it/home/docweb/-/docweb-display/docweb/9693151,"Con il termine cyberbullismo si intende qualunque forma di pressione, aggressione, molestia, ricatto, ingiuria, denigrazione, diffamazione, furto d'identità, alterazione, acquisizione illecita, manipolazione, trattamento illecito di dati personali realizzati, per via telematica, a danno di minori, nonché la diffusione di contenuti on line riguardanti uno o più componenti della famiglia di un minore con lo scopo di isolarlo, attaccarlo o metterlo in ridicolo. Per far cancellare i contenuti che rappresentano forme di cyberbullismo si può fare richiesta al titolare del trattamento o al gestore del sito internet o del social media dove sono pubblicati. E nel caso la richiesta non venga soddisfatta, ci si può rivolgere al Garante. GUARDA IL VIDEO INFORMATIVO - Versione Televisiva da 30"" - Versione web da 60"" ASCOLTA LA VERSIONE RADIOFONICA DELLA CAMPAGNA INFORMATIVA per la segnalazione/reclamo in materia di cyberbullismo da inviare a: cyberbullismo@gpdp.it LEGGI LA SCHEDA INFORMATIVA Tutele per i minori vittime di cyberbullismo
su social network e web Cyberbullismo: come difendersi - Senato della Repubblica. Commissione straordinaria intolleranza, razzismo, antisemitismo, istigazione all’odio e alla violenza - Audizione del Vice Presidente del Garante per la protezione dei dati personali, prof.ssa Ginevra Cerrina Feroni, sul fenomeno dei discorsi d'odio Protocolli d'intesa in materia di prevenzione e contrasto del fenomeno del cyberbullismo - Co.Re.Com. Piemonte Banche, credito, finanza AI - Intelligenza artificiale Internet e nuove tecnologie Marketing e comunicazioni indesiderate Pubblica amministrazione e trasparenza Sanità e Ricerca scientifica GDPR - Regolamento 2016/679"
"VADEMECUM - ""LA SCUOLA A PROVA DI PRIVACY"". Online la versione aggiornata",https://www.garanteprivacy.it/home/docweb/-/docweb-display/docweb/10197183,"Consulta le risposte alle domande più frequenti in tema di Scuola e protezione dei dati personali Vademecum
""La scuola a prova di privacy"" Dall’introduzione dell’Intelligenza Artificiale nelle Istituzioni scolastiche alle chat di classe, dalla pubblicazione dei dati personali online all’uso degli smartphone in classe, dalle iscrizioni scolastiche alle graduatorie dei docenti e del personale scolastico. È online la versione aggiornata del vademecum “La scuola a prova di privacy” che affronta le tematiche connesse al trattamento dei dati personali nelle istituzioni scolastiche, anche alla luce dei nuovi strumenti di intelligenza artificiale. L’obiettivo è quello di offrire alle istituzioni scolastiche, alle famiglie, agli studenti e ai docenti un agile strumento per assicurare la più ampia protezione dei dati delle persone che crescono, studiano e lavorano nel mondo scolastico. Il Garante raccomanda, in particolare, a genitori, studenti, componenti delle chat di classe il rispetto della normativa in materia di protezione dei dati personali evitando di divulgare notizie, foto e video senza il consenso dei ragazzi o delle persone coinvolte. Sarebbe inoltre opportuno che le scuole limitassero l’utilizzo delle chat per comunicazioni ufficiali privilegiando altri strumenti (ad es. registro elettronico). Con il parere del Garante, poi, il Ministero dell’Istruzione ha pubblicato le prime Linee guida per un uso sicuro dell’IA nelle scuole. Le indicazioni vietano pratiche invasive come il riconoscimento delle emozioni e raccomandano di usare dati personali solo se indispensabili, preferendo dati sintetici. - A PROPOSITO DI PRIVACY - IL PODCAST DEL GARANTE
Ep. 4 - La scuola a prova di privacy - FIERA DIDACTA 2023
Il Garante ha partecipato il 10 marzo 2023 a Fiera Didacta Italia, il più importante appuntamento fieristico sull’innovazione del mondo della Scuola che si terrà a Firenze, alla Fortezza da Basso, dall’8 al 10 marzo, con due iniziative. - Workshop “LA SCUOLA A PROVA DI PRIVACY: LA FIGURA DEL RESPONSABILE DELLA PROTEZIONE DEI DATI (RPD / DPO)” dedicato agli RPD/DPO di tutte le scuole di ordine e grado, analizzerà il ruolo del Responsabile della protezione dei dati personali in ambito scolastico e la funzione e i compiti che è chiamato a svolgere. - https://fieradidacta.indire.it/eventi_2023/la-scuola-a-prova-di-privacy-la-figura-del-responsabile-della-protezione-dei-dati-rpd-dpo/ - La figura del responsabile della protezione dei dati - Matteo Timiani - Il trattamento dei dati relativi alla salute degli alunni - Laura Di Angelo - Seminario “LA SCUOLA A PROVA DI PRIVACY: ISTRUZIONI PER L’USO”, dedicato agli insegnanti e ai dirigenti scolastici, si focalizzerà invece sulle problematiche in materia di dati personali nell’attività scolastica, nel rapporto tra docenti e tra docenti e studenti oltre ad affrontare i temi legati alla tutela della privacy dei più giovani. - https://fieradidacta.indire.it/eventi_2023/la-scuola-a-prova-di-privacy-istruzioni-per-luso/ - La Scuola a prova di privacy - Claudio Filippi - La tutela delle persone e dei dati nel contesto scolastico - Elena Pesaresi - Garante per la protezione dei dati personali
Memoria del Presidente del Garante per la protezione dei dati personali, Pasquale Stanzione - Commissione 7a e 12a riunite del Senato della Repubblica  - Affare assegnato n. 621 (impatto della didattica digitale integrata (DDI) sui processi di apprendimento e sul benessere psicofisico degli studenti) - 27 aprile 2021 - Garante per la protezione dei dati personali
Registro elettronico: lettera del Presidente del Garante per la protezione dei dati personali, Antonello Soro, al Ministro dell’istruzione, Lucia Azzolina 
(4 maggio 2020) - Garante per la protezione dei dati personali
Didattica a distanza: prime indicazioni 
(26 marzo 2020) - Garante per la protezione dei dati personali
Diffusione di dati personali riferiti agli studenti nell’ambito del c.d. ""documento del 15 maggio"" ai sensi dell’art. 5, comma 2, del d.P.R. 23 luglio 1998, n. 323 - Indicazioni operative 
(21 marzo 2017) - Consiglio d'Europa
Protect children’s personal data in education setting 
(20 novembre 2020) Il settore scolastico si avvale sempre di più di strumenti digitali, anche ai fini della didattica a distanza, che offrono opportunità importanti per l’istruzione ma che devono essere accompagnati da una reale consapevolezza, da parte di tutti gli attori coinvolti, riguardo ai rischi per la vita privata dei minori. Nella sua 40a riunione plenaria, il 18-20 novembre 2020, il Comitato Consultivo della Convenzione 108 ha adottato le Linee guida sulla protezione dei dati dei minori nei contesti educativi. Queste linee guida si rivolgono ai legislatori, alle scuole e all'industria affinché anche in un settore delicato come quello scolastico siano garantiti i diritti fondamentali dei minori, compreso il diritto al libero sviluppo della personalità. - 40a Conferenza internazionale degli incaricati della protezione dei dati, Bruxelles 2018
Resolution on E-Learning Platforms
(ottobre 2018) - 38a Conferenza internazionale degli incaricati della protezione dei dati, Marrakesh, 2016
Resolutionfor the Adoption of an International Competency Framework on Privacy Education
(ottobre 2016) - 38a Conferenza internazionale degli incaricati della protezione dei dati, Marrakesh, 2016
International Competency Framework on Privacy Education
(ottobre 2016) Banche, credito, finanza AI - Intelligenza artificiale Internet e nuove tecnologie Marketing e comunicazioni indesiderate Pubblica amministrazione e trasparenza Sanità e Ricerca scientifica GDPR - Regolamento 2016/679"
COMUNICATO STAMPA - Famiglia nel bosco: il Garante monitora la vicenda e richiama alla tutela dei minori,https://www.garanteprivacy.it/home/docweb/-/docweb-display/docweb/10227618,"Famiglia nel bosco: il Garante monitora la vicenda e richiama alla tutela dei minori

In relazione alle notizie diffuse dagli organi di informazione riguardanti la vicenda della cosiddetta “famiglia nel bosco”, l’Autorità Garante per la protezione dei dati personali segue con attenzione gli sviluppi del caso.

Come di consueto, l’Autorità presta particolare attenzione alla tutela dei dati personali dei minori, soprattutto in situazioni che possono esporli a una significativa esposizione mediatica.

Il Garante richiama pertanto tutti gli organi di informazione al rispetto dei principi di essenzialità dell’informazione e di tutela della dignità delle persone coinvolte, raccomandando la massima attenzione nella diffusione di elementi che possano consentire, anche indirettamente, l’identificazione dei minori.

Roma, 7 marzo 2026 Provvedimento del 4 aprile 2019 [9113909] Provvedimento del 31 agosto 2023 [9944538] Provvedimento dell'8 giugno 2023 [9909732] Provvedimento del 4 luglio 2024 [10052798] Bimba morta a Cisliano: Garante privacy a media, no a foto e dettagli non essenziali. Riportati testualmente anche pensieri e commenti tratti dal profilo Facebook della madre Newsletter 4 - 10 settembre 2000 Newsletter del 13 settembre 2024 - Dal Garante Privacy sanzione di 5mln di euro a un fornitore di luce e gas - Design ingannevole, indagine internazionale: ancora troppi ostacoli per gli utenti - Giornalismo: Garante, no ai dettagli che vìolano la riservatezza dei minori - D.lgs. resilienza dei soggetti critici, ok del Garante ma più tutele per la privacy Provvedimento del 12 novembre 2020 [9521886] Minore Prato, Garante privacy ai media: no ad informazione morbosa Provvedimento dell'8 giugno 2023 [9909715]"
COMUNICATO STAMPA - Garante privacy e INL: Avviate ispezioni presso centri logistici Amazon,https://www.garanteprivacy.it/home/docweb/-/docweb-display/docweb/10219613,"- Provvedimento del 24 febbraio 2026 - Comunicato stampa del 24 febbraio 2026 Garante privacy e INL: Avviate ispezioni presso centri logistici Amazon
Sotto la lente l’utilizzo dei sistemi di videosorveglianza e il rispetto dei diritti dei lavoratori Il Garante per la protezione dei dati personali e l’Ispettorato Nazionale del Lavoro hanno avviato una iniziativa congiunta di vigilanza nei confronti della società Amazon. L’attività trae origine dagli approfondimenti tecnici avviati, anche a seguito di notizie di stampa, che hanno evidenziato possibili criticità nell’acquisizione e nel trattamento di dati personali dei lavoratori e nell’utilizzo di sistemi di videosorveglianza in assenza delle garanzie previste dallo Statuto dei lavoratori. L’intervento riguarda i principali snodi logistici della società in Italia, in particolare il centro di distribuzione di Passo Corese (RI) e quello di Castel San Giovanni (PC). Le attività, curate dagli uffici dell’Autorità e dalle competenti strutture centrali dell’Ispettorato del Lavoro - in collaborazione con il Nucleo speciale tutela privacy e frodi tecnologiche della Guardia di finanza - mirano a garantire un presidio istituzionale efficace nei contesti caratterizzati da elevata complessità organizzativa e tecnologica, dove l’impatto dei sistemi di monitoraggio e dei processi di trattamento dei dati assume particolare rilevanza, al fine di assicurare un’adeguata tutela dei diritti dei lavoratori. Roma, 9 febbraio 2026 Provvedimento del 24 febbraio 2026 [10224096] COMUNICATO STAMPA - Garante privacy ad Amazon: stop alla schedatura dei lavoratori. Raccolte informazioni su patologie, attività sindacali, vita personale e dei familiari"
"COMUNICATO STAMPA - Garlasco: Garante privacy, informare nel rispetto delle persone",https://www.garanteprivacy.it/home/docweb/-/docweb-display/docweb/10215207,"Garlasco: Garante privacy, informare nel rispetto delle persone
A rischio la dignità della vittima, dei familiari e di chiunque sia coinvolto

Il Garante per la protezione dei dati personali stigmatizza il comportamento di media e siti web che, nel dar conto della tragica vicenda di Chiara Poggi, continuano a diffondere immagini, nomi e particolari eccedenti le pur legittime finalità informative.

L’Autorità segue da tempo l’evoluzione della vicenda sotto il profilo della protezione dei dati personali ed è già intervenuta nell’ambito delle proprie competenze. Tuttavia, il progressivo aumento del livello di dettaglio con cui alcuni articoli e servizi televisivi ricostruiscono fatti, contesti personali e profili individuali induce il Garante a richiamare sin d’ora l’attenzione dei media, anche in presenza di istruttorie tuttora in corso.

La pubblicazione reiterata di tali elementi, oltre a far degenerare la cronaca in una morbosa spettacolarizzazione, contrasta con il principio di essenzialità dell’informazione e viola la normativa in materia di protezione dei dati personali nonché le Regole deontologiche dei giornalisti.

Il rispetto della persona e della sua dignità costituisce un limite invalicabile dell’attività informativa e deve essere garantito non solo alla vittima, ma anche ai suoi familiari, agli indagati e a tutte le persone che, a vario titolo, risultano coinvolte o richiamate nella narrazione mediatica.

Il Garante, riservandosi l’adozione dei provvedimenti ritenuti opportuni, richiama pertanto tutti i media e i siti web al più rigoroso rispetto della normativa vigente e delle Regole deontologiche, affinché il diritto di cronaca non si traduca in una indebita esposizione di dati personali e in una lesione della dignità delle persone.

Roma, 30 gennaio 2026 Provvedimento del 31 ottobre 2019 [9199046] Provvedimento del 25 febbraio 2021 [9568082] Provvedimento del 25 febbraio 2021 [9568061] Newsletter 06/04/2020 - Sanità e ripartizione dei fondi: Garante Privacy chiede adeguate garanzie - Cronaca giudiziaria: no a pubblicazione integrale di atti d'indagine - Sanità: informazioni dopo il triage, sì al link sul cellulare dei familiari Provvedimento del 25 ottobre 2019 [9199034] Bimba morta a Cisliano: Garante privacy a media, no a foto e dettagli non essenziali. Riportati testualmente anche pensieri e commenti tratti dal profilo Facebook della madre Ordinanza ingiunzione nei confronti di Gedi Gruppo Editoriale S.p.A. - 25 febbraio 2021 [9568244] Provvedimento del 7 febbraio 2019 [9101651] Provvedimento del 25 febbraio 2021 [9568040] Caso liceo Roma, il Garante Privacy dispone ulteriori blocchi alla pubblicazione delle chat"
